{
    "name": "Tsunami Rage",
    "description": "Significantly increases your attack speed and strength by briefly infusing you with the energy of the deep sea.",
    "type": "origins:active_self",
    "cooldown": 450,
    "hud_render": {
        "should_render": true,
        "bar_index": 1
    },
    "key": {
        "key": "key.origins.secondary_active"
    },
    "entity_action": {
        "type": "origins:apply_effect",
        "effect": {
            "effect": "minecraft:haste",
            "duration": 300,
            "amplifier": 2
        }
    }
}