{
    "name": "Celestreal Shield",
    "description": "Grants temporary resistance to damage.",
    "type": "origins:active_self",
    "cooldown": 300,
    "hud_render": {
        "should_render": true,
        "bar_index": 3
    },
    "key": {
        "key": "key.origins.secondary_active"
    },
    "entity_action": {
        "type": "origins:apply_effect",
        "effect": {
            "effect": "minecraft:resistance",
            "duration": 800,
            "amplifier": 1
        }
    }
}