{
  "type": "origins:active_self",
  "entity_action": {
    "type": "origins:execute_command",
    "command": "setblock ~ ~0 ~ minecraft:cobweb",
	"permission_level":4
  },
  "cooldown": 600,
  "hud_render": {
    "should_render": true,
	"sprite_location": "origins:textures/gui/community/spiderkolo/resource_bar_02.png",
    "bar_index": 8
  },
  "key": {
    "key": "key.origins.ternary_active"
  },
  "name": "Web Trap",
  "description": "Feeling stuck? No worries, just drop a web at your feet and trap anyone close!"
}
