{
    "name": "Alea Origin",
    "description": "You only have 8 Hearts but you got 2 Armor.",
    "type": "origins:attribute",
    "modifier": {
        "attribute": "minecraft:generic.max_health",
        "operation": "addition",
        "value": -4,
        "name": "Max Health Decrease"
    },
    "update_health": true
},
{
    
    "type": "origins:attribute",
    "modifier": {
      "name": "Weak Body",
      "attribute": "minecraft:generic.armor",
      "value": 2.0,
      "operation": "addition"
    }
  }