{
    "name": "Hellish Strength",
    "description": "Temporarily increases your strength, allowing you to deal more damage and break through obstacles.",
    "type": "origins:active_self",
    "cooldown": 450,
    "hud_render": {
        "should_render": true,
        "bar_index": 2
    },
    "key": {
        "key": "key.origins.secondary_active"
    },
    "entity_action": {
        "type": "origins:apply_effect",
        "effect": {
            "effect": "minecraft:strength",
            "duration": 200,
            "amplifier": 1
        }
    }
}