{
	"powers": [
		"origins_redux:celestreal/celestreal_origin",
		"origins_redux:celestreal/celestreal_shield",
		"origins_redux:celestreal/divine_smite",
		"origins_redux:celestreal/celestreal_launch",
		"origins_redux:celestreal/celestreal_weakness",
		"origins_redux:celestreal/celestreal_body",
		"origins_redux:celestreal/celestreal_regen",
		"origins_redux:celestreal/celestreal_sun",
		"origins_redux:celestreal/slow_fall"
		
		
		
		
		
		
		
		
		
	],
	"icon": "minecraft:golden_apple",
	"order": 10,
	"impact": 3,
	"name": "Celestreal",
	"description": "You are an powerful deity!"
}
