{
	"powers": [
		"origins_redux:demiwhale/demi_whale_origin",
		"origins_redux:demiwhale/water_breathing",
		"origins_redux:demiwhale/tsunami_rage0",
		"origins_redux:demiwhale/tsunami_rage1",
		"origins_redux:demiwhale/water_speed",
		"origins:like_water",
		"origins:aqua_affinity",
		"origins_redux:demiwhale/nightvision",
		"origins_redux:demiwhale/land_limit"
		
		
		
		
		
		
		
		
		
		
		
	],
	"icon": "minecraft:prismarine_shard",
	"order": 10,
	"impact": 3,
	"name": "Demi-Human Whale",
	"description": "A humanoid with the abilities of a whale, perfectly adapted to the ocean but struggling on land."
}
