{
	"powers": [

		"origins_redux:hadesoff/underworld",
		"origins_redux:hadesoff/godly_ancestor",
		"origins_redux:hadesoff/kinship",
		"origins_redux:hadesoff/strength",
		"origins_redux:hadesoff/strong_physic",
		"origins_redux:hadesoff/regen",
		"origins_redux:hadesoff/hydrophobia",
		"origins_redux:hadesoff/overworld_weakness",
		"origins_redux:hadesoff/eat"
		
		
		
	],
	"icon": "minecraft:netherrack",
	"order": 10,
	"impact": 3,
	"name": "Offspring of Hades",
	"description": "You are an Offspring of the God of underworld Hades!"
}
