{
	"powers": [
		"origins_redux:oni/oni_origin",
		"origins:sprint_jump",
		"origins_redux:oni/hellish_strength",
		"origins_redux:oni/demon_fury",
		"origins_redux:oni/fire_immunity",
		"origins_redux:oni/oni_nightvision",
		"origins_redux:oni/oni_skin",
		"origins_redux:oni/oni_sunlight_weak",
		"origins_redux:oni/oni_strength",
		"origins_redux:oni/sunlight_dmg"
		
		
		
		
	],
	"icon": "minecraft:netherite_axe",
	"order": 10,
	"impact": 3,
	"name": "Oni",
	"description": "Oni are powerful demonic beings known for their incredible strength and ferocity. They thrive in darkness and are weakened by the sun!"
}
