{
	"powers": [
		"origins_redux:wyvernchild/dragon_origin",
		"origins_redux:wyvernchild/dragon_fly",
		"origins_redux:wyvernchild/dragon_breath",
		"origins_redux:wyvernchild/dragon_skin",
		"origins:water_vulnerability",
		"origins:like_air",
		"origins:tailwind",
		"origins:elytra"
		
		
		
		
		
	],
	"icon": "minecraft:fire_charge",
	"order": 10,
	"impact": 3,
	"name": "Wyvernchild",
	"description": "You are half human, half dragon, with the ability to breathe fire and be weakened in water!"
}
