{
    "type": "origins:active_self",
    "name": "Drachenflügel",
    "description": "Nutze deine Flügel, um in die Luft zu springen und für kurze Zeit zu fliegen.",
    "cooldown": 650,
    "key": {
        "key": "key.origins.primary_active"
    },
    "entity_action": {
        "type": "origins:and",
        "actions": [
            {
                "type": "origins:apply_effect",
                "effect": {
                    "effect": "minecraft:levitation",
                    "duration": 100,
                    "amplifier": 3
                }
            }
        ]
    },
    "hud_render": {
        "should_render": true,
        "sprite_location": "origins:textures/gui/resource_bar.png",
        "bar_index": 4
    }
}