{
  "type": "origins:active_self",
  "name": "Dragon breath",
  "description": "Spits out flames that set enemies on fire in a cone in front of you.",
  "cooldown": 430,
  "key": {
    "key": "key.origins.secondary_active"
  },
  "entity_action": {
    "type": "origins:and",
    "actions": [
      {
        "type": "origins:area_of_effect",
        "radius": 8,
        "bientity_action": {
          "type": "origins:damage",
          "amount": 8,
          "source": {
            "name": "magic",
            "bypasses_armor": true
          }
        }
      },
      {
        "type": "origins:execute_command",
        "command": "execute at @s run particle minecraft:flame ~ ~1 ~ 0.5 0.5 0.5 0.01 100 force"
      }
    ]
  },
  "hud_render": {
    "should_render": true,
    "sprite_location": "origins:textures/gui/resource_bar.png",
    "bar_index": 5
  }
}
