{
  "name": "Nether Forager",
  "description": "You have adapted to the Nether's ecosystem, sustaining yourself only on Magma Blocks, Crimson Fungus, Warped Fungus, and Nether Wart.",
  "type": "origins:multiple",
  "restricted_diet": {
    "type": "origins:prevent_item_use",
    "item_condition": {
      "type": "origins:and",
      "conditions": [
        {
          "type": "origins:food"
        },
        {
          "type": "origins:or",
          "conditions": [
            {
              "type": "origins:ingredient",
              "ingredient": {
                "item": "minecraft:magma_block"
              },
              "inverted": true
            },
            {
              "type": "origins:ingredient",
              "ingredient": {
                "item": "minecraft:crimson_fungus"
              },
              "inverted": true
            },
            {
              "type": "origins:ingredient",
              "ingredient": {
                "item": "minecraft:warped_fungus"
              },
              "inverted": true
            },
            {
              "type": "origins:ingredient",
              "ingredient": {
                "item": "minecraft:nether_wart"
              },
              "inverted": true
            }
          ]
        }
      ]
    }
  },
  "magma_bite": {
    "type": "apugli:edible_item",
    "item_condition": {
      "type": "origins:ingredient",
      "ingredient": {
        "item": "minecraft:magma_block"
      }
    },
    "food_component": {
      "hunger": 5,
      "saturation": 1.2,
      "meat": false,
      "always_edible": false,
      "snack": false
    },
    "use_action": "eat",
    "sound": "minecraft:entity.blaze.hurt",
    "priority": 0
  },
  "crimson_delight": {
    "type": "apugli:edible_item",
    "item_condition": {
      "type": "origins:ingredient",
      "ingredient": {
        "item": "minecraft:crimson_fungus"
      }
    },
    "food_component": {
      "hunger": 3,
      "saturation": 0.7,
      "meat": false,
      "always_edible": true,
      "snack": true
    },
    "use_action": "eat",
    "sound": "minecraft:block.nether_wart.break",
    "priority": 0
  },
  "warped_snack": {
    "type": "apugli:edible_item",
    "item_condition": {
      "type": "origins:ingredient",
      "ingredient": {
        "item": "minecraft:warped_fungus"
      }
    },
    "food_component": {
      "hunger": 4,
      "saturation": 0.8,
      "meat": false,
      "always_edible": true,
      "snack": true
    },
    "use_action": "eat",
    "sound": "minecraft:block.fungus.place",
    "priority": 0
  },
  "nether_wart_treat": {
    "type": "apugli:edible_item",
    "item_condition": {
      "type": "origins:ingredient",
      "ingredient": {
        "item": "minecraft:nether_wart"
      }
    },
    "food_component": {
      "hunger": 2,
      "saturation": 0.5,
      "meat": false,
      "always_edible": true,
      "snack": true
    },
    "use_action": "eat",
    "sound": "minecraft:block.wart_block.break",
    "priority": 0
  }
}
