{
    "type": "origins:action_over_time",
    "name": "Friendly Kinship",
    "description": "Wither Skeletons are all your allies and will not attack you",
    "interval": 20,
    "entity_action": {
        "type": "origins:and",
        "actions": [
            {
                "type": "origins:execute_command",
                "permission_level": 4,
                "command": "team add netherist"
            },
            {
                "type": "origins:execute_command",
                "permission_level": 4,
                "command": "team join netherist @s"
            },
            {
                "type": "origins:execute_command",
                "permission_level": 4,
                "command": "team join netherist @e[type=minecraft:wither_skeleton]"
            }
        ]
    }
}