{"name": "Weakend by the Overworld",
	"description": "As an in hell living being you ae getting weakend while ",
    "type": "origins:action_over_time",
    "entity_action": {
        "type": "origins:and",
        "actions": [
            {
                "type": "origins:apply_effect",
                "effect": {
                    "effect": "minecraft:slowness",
                    "duration": 400,
                    "amplifier": 0
                }
            },
            {
                "type": "origins:apply_effect",
                "effect": {
                    "effect": "minecraft:weakness",
                    "duration": 400,
                    "amplifier": 1
                }
            },
            {
                "type": "origins:exhaust",
                "amount": 2
            }
        ]
    },
    "interval": 20,
    "condition": {
        "type": "origins:dimension",
        "dimension": "minecraft:overworld"
    }
}

  
  