{
  "type": "origins:active_self",
  "name": "Invisibility Cloak",
  "description": "Become invisible for a short duration, allowing you to move unseen.",
  "entity_action": {
    "type": "origins:apply_effect",
    "effect": {
      "effect": "minecraft:invisibility",
      "duration": 200,  
      "amplifier": 0,
      "is_ambient": true,
      "show_particles": false,
      "show_icon": true
    }
  },
  "cooldown": 600,  
  "hud_render": {
    "should_render": true,
    "bar_index": 0
  },
  "key": {
    "key": "key.origins.primary_active",
    "continuous": false
  }
}
