{
	"name": "Teleportation",
	"description": "You throw and enderpearl",
  "type": "origins:fire_projectile",
  "cooldown": 100,
  "hud_render": {
    "bar_index": 6
  },
  "entity_type": "origins:enderian_pearl",
  "sound": "minecraft:entity.ender_pearl.throw",
  "speed": 1.5,
  "divergence": 1,
  "key": {
    "key": "key.origins.secondary_active",
    "continuous": false
  },
   "badges": [
        {
            "sprite": "minecraft:textures/item/ender_pearl.png",
            "text": "I'm a dirt badge!"
        }
	]
}