{
  "type": "origins:active_self",
  "entity_action": {
    "type": "origins:and",
    "actions": [
      {
        "type": "origins:apply_effect",
        "effect": {
          "effect": "minecraft:regeneration",
          "duration": 200,
          "amplifier": 1
        }
      },
      {
        "type": "origins:apply_effect",
        "effect": {
          "effect": "minecraft:hunger",
          "duration": 200,
          "amplifier": 2
        }
      }
    ]
  },
  "cooldown": 1200,
  "hud_render": {
    "should_render": true,
    "bar_index": 3
  },
  "key": {
    "key": "key.origins.ternary_active"
  },
  "name": "Fortify",
  "description": "Fortify yourself, granting you Regeneration II for 10 seconds, but you suffer from Hunger during the effect."
}
